{"cameraMode":{"drawMode":0,"name":"Shaded","section":"Shading Mode"},"sceneLighting":true,"audioPlay":false,"sceneViewState":{"m_AlwaysRefresh":false,"showFog":true,"showSkybox":true,"showFlares":true,"showImageEffects":true,"showParticleSystems":true,"showVisualEffectGraphs":true,"m_FxEnabled":true},"in2DMode":false,"pivot":{"x":-4.932065486907959,"y":-0.06930971145629883,"z":-20.104167938232423},"rotation":{"x":-0.00471534812822938,"y":0.993296205997467,"z":-0.03359059616923332,"w":-0.11185082048177719},"size":11.330033302307129,"orthographic":false}