{"cameraMode":{"drawMode":0,"name":"Shaded","section":"Shading Mode"},"sceneLighting":true,"audioPlay":false,"sceneViewState":{"m_AlwaysRefresh":false,"showFog":true,"showSkybox":true,"showFlares":true,"showImageEffects":true,"showParticleSystems":true,"showVisualEffectGraphs":true,"m_FxEnabled":true},"in2DMode":false,"pivot":{"x":-0.8717308044433594,"y":2.9167087078094484,"z":12.771836280822754},"rotation":{"x":0.12530146539211274,"y":0.683679461479187,"z":-0.12033308297395706,"w":0.7089064121246338},"size":1.908725619316101,"orthographic":false}